{
  "entity_attribute_text_color": "#000000", 
  "entity_stroke_color": "#de77ae", 
  "entity_cartouche_text_color": "#000000", 
  "entity_cartouche_color": "#f1b6da", 
  "annotation_color": "#4d9221", 
  "association_stroke_color": "#7fbc41", 
  "association_cartouche_text_color": "#000000", 
  "entity_color": "#fde0ef", 
  "annotation_opacity": 0.9, 
  "card_text_color": "#c51b7d", 
  "annotation_text_color": "#f7f7f7", 
  "association_color": "#e6f5d0", 
  "leg_stroke_color": "#7fbc41", 
  "background_color": "#f7f7f7", 
  "association_attribute_text_color": "#000000", 
  "association_cartouche_color": "#b8e186"
}