{
  "entity_attribute_text_color": "#000000", 
  "entity_stroke_color": "#e08214", 
  "entity_cartouche_text_color": "#000000", 
  "entity_cartouche_color": "#fdb863", 
  "annotation_color": "#542788", 
  "association_stroke_color": "#8073ac", 
  "association_cartouche_text_color": "#000000", 
  "entity_color": "#fee0b6", 
  "annotation_opacity": 0.9, 
  "card_text_color": "#b35806", 
  "annotation_text_color": "#f7f7f7", 
  "association_color": "#d8daeb", 
  "leg_stroke_color": "#8073ac", 
  "background_color": "#f7f7f7", 
  "association_attribute_text_color": "#000000", 
  "association_cartouche_color": "#b2abd2"
}