{
  "entity_attribute_text_color": "#000000", 
  "entity_stroke_color": "#f46d43", 
  "entity_cartouche_text_color": "#000000", 
  "entity_cartouche_color": "#fdae61", 
  "annotation_color": "#3288bd", 
  "association_stroke_color": "#66c2a5", 
  "association_cartouche_text_color": "#000000", 
  "entity_color": "#fee08b", 
  "annotation_opacity": 0.9, 
  "card_text_color": "#d53e4f", 
  "annotation_text_color": "#ffffbf", 
  "association_color": "#e6f598", 
  "leg_stroke_color": "#66c2a5", 
  "background_color": "#ffffbf", 
  "association_attribute_text_color": "#000000", 
  "association_cartouche_color": "#abdda4"
}