{
  "entity_attribute_text_color": "#000000", 
  "entity_stroke_color": "#f46d43", 
  "entity_cartouche_text_color": "#000000", 
  "entity_cartouche_color": "#fdae61", 
  "annotation_color": "#4575b4", 
  "association_stroke_color": "#74add1", 
  "association_cartouche_text_color": "#000000", 
  "entity_color": "#fee090", 
  "annotation_opacity": 0.9, 
  "card_text_color": "#d73027", 
  "annotation_text_color": "#ffffbf", 
  "association_color": "#e0f3f8", 
  "leg_stroke_color": "#74add1", 
  "background_color": "#ffffbf", 
  "association_attribute_text_color": "#000000", 
  "association_cartouche_color": "#abd9e9"
}