{
  "entity_attribute_text_color": "#000000", 
  "entity_stroke_color": "#4393c3", 
  "entity_cartouche_text_color": "#000000", 
  "entity_cartouche_color": "#92c5de", 
  "annotation_color": "#b2182b", 
  "association_stroke_color": "#d6604d", 
  "association_cartouche_text_color": "#000000", 
  "entity_color": "#d1e5f0", 
  "annotation_opacity": 0.9, 
  "card_text_color": "#2166ac", 
  "annotation_text_color": "#f7f7f7", 
  "association_color": "#fddbc7", 
  "leg_stroke_color": "#d6604d", 
  "background_color": "#f7f7f7", 
  "association_attribute_text_color": "#000000", 
  "association_cartouche_color": "#f4a582"
}