{
  "entity_attribute_text_color": "#000000", 
  "entity_stroke_color": "#d6604d", 
  "entity_cartouche_text_color": "#000000", 
  "entity_cartouche_color": "#f4a582", 
  "annotation_color": "#4d4d4d", 
  "association_stroke_color": "#878787", 
  "association_cartouche_text_color": "#000000", 
  "entity_color": "#fddbc7", 
  "annotation_opacity": 0.9, 
  "card_text_color": "#b2182b", 
  "annotation_text_color": "#ffffff", 
  "association_color": "#e0e0e0", 
  "leg_stroke_color": "#878787", 
  "background_color": "#ffffff", 
  "association_attribute_text_color": "#000000", 
  "association_cartouche_color": "#bababa"
}