{
"background_color"                 : null,
"entity_color"                     : "#FFB94E",
"entity_cartouche_color"           : "#FAA945",
"entity_cartouche_text_color"      : "#645530",
"entity_attribute_text_color"      : "#645530",
"entity_stroke_color"              : "#CB7E1F",
"association_color"                : "#E2BE9F",
"association_cartouche_color"      : "#CE9F6F",
"association_cartouche_text_color" : "#7F5D3B",
"association_attribute_text_color" : "#7F5D3B",
"association_stroke_color"         : "#896C39",
"leg_stroke_color"                 : "#4C3D30",
"card_text_color"                  : "#5C4827",
"label_text_color"                 : "#5C4827",
"annotation_text_color"            : "#FFFFD0",
"annotation_color"                 : "#18180B",
"annotation_opacity"               : 0.7
}

