{
"background_color"                 : "#FFFFFF",
"entity_color"                     : "#000000",
"entity_cartouche_color"           : "#000000",
"entity_cartouche_text_color"      : "#FFFFFF",
"entity_attribute_text_color"      : "#FFFFFF",
"entity_stroke_color"              : "#FFFFFF",
"association_color"                : "#000000",
"association_cartouche_color"      : "#000000",
"association_cartouche_text_color" : "#FFFFFF",
"association_attribute_text_color" : "#FFFFFF",
"association_stroke_color"         : "#FFFFFF",
"leg_stroke_color"                 : "#000000",
"card_text_color"                  : "#000000",
"label_text_color"                 : "#000000",
"annotation_text_color"            : "#000000",
"annotation_color"                 : "#FFFF00",
"annotation_opacity"               : 0.9
}

