{
"entity_cartouche_font"       : {"family": "Copperplate", "size": 18},
"association_cartouche_font"  : {"family": "Copperplate", "size": 18},
"entity_attribute_font"       : {"family": "Gill Sans", "size": 15},
"association_attribute_font"  : {"family": "Gill Sans", "size": 15},
"card_font"                   : {"family": "Futura", "size": 11},
"label_font"                  : {"family": "Futura", "size": 11},
"cartouche_text_height_ratio" : 0.85,
"card_text_height_ratio"      : 0.85,
"df_text_height_ratio"        : 1.1,
"attribute_text_height_ratio" : 0.65,
"line_skip_height"            : 0,
"card_baseline"               : 3,
"card_underline_skip_height"  : -2,
"underline_skip_height"       : -3,
"underline_depth"             : 1,
"card_underline_depth"        : 1,
"dash_width"                  : 4,
"margin_size"                 : 9,
"box_stroke_depth"            : 1.5,
"inner_stroke_depth"          : 1.5,
"rect_margin_width"           : 8,
"rect_margin_height"          : 6,
"round_rect_margin_width"     : 7,
"round_rect_margin_height"    : 5,
"round_corner_radius"         : 14,
"leg_stroke_depth"            : 1,
"card_margin"                 : 5,
"arrow_width"                 : 12,
"arrow_half_height"           : 6,
"arrow_axis"                  : 8,
"annotation_overlay_height"   : 40,
"annotation_baseline"         : 24,
"annotation_font"             : {"family": "Futura", "size": 16}
}
