{
"entity_cartouche_font"       : {"family": "Skia", "size": 20, "weight": "bold"},
"entity_attribute_font"       : {"family": "Skia", "size": 18, "weight": "bold"},
"association_cartouche_font"  : {"family": "Skia", "size": 20, "weight": "bold"},
"association_attribute_font"  : {"family": "Skia", "size": 18, "weight": "bold"},
"card_font"                   : {"family": "Skia", "size": 18, "weight": "bold"},
"label_font"                  : {"family": "Skia", "size": 18, "weight": "bold"},
"cartouche_text_height_ratio" : 0.85,
"card_text_height_ratio"      : 0.85,
"df_text_height_ratio"        : 1.00,
"attribute_text_height_ratio" : 0.85,
"line_skip_height"            : 1,
"card_baseline"               : 4,
"card_underline_skip_height"  : -3,
"underline_skip_height"       : 0.0,
"underline_depth"             : 1.2,
"card_underline_depth"        : 1.2,
"dash_width"                  : 2,
"margin_size"                 : 25,
"box_stroke_depth"            : 5,
"inner_stroke_depth"          : 5,
"rect_margin_width"           : 10,
"rect_margin_height"          : 10,
"round_rect_margin_width"     : 10,
"round_rect_margin_height"    : 10,
"round_corner_radius"         : 2,
"leg_stroke_depth"            : 5,
"card_margin"                 : 8,
"arrow_width"                 : 18,
"arrow_half_height"           : 9,
"arrow_axis"                  : 12,
"annotation_overlay_height"   : 50,
"annotation_baseline"         : 32,
"annotation_font"             : {"family": "Skia", "size": 20, "weight": "bold"}
}

