{
"entity_cartouche_font"       : {"family": "Times New Roman", "size": 14},
"entity_attribute_font"       : {"family": "Times New Roman", "size": 14},
"association_cartouche_font"  : {"family": "Times New Roman", "size": 14},
"association_attribute_font"  : {"family": "Times New Roman", "size": 14},
"card_font"                   : {"family": "Verdana", "size": 12},
"label_font"                  : {"family": "Verdana", "size": 12},
"cartouche_text_height_ratio" : 0.85,
"card_text_height_ratio"      : 0.85,
"df_text_height_ratio"        : 1.10,
"attribute_text_height_ratio" : 0.85,
"line_skip_height"            : 2,
"card_baseline"               : 3,
"card_underline_skip_height"  : -2,
"underline_skip_height"       : 0.0,
"underline_depth"             : 1,
"card_underline_depth"        : 1,
"dash_width"                  : 4,
"margin_size"                 : 9,
"box_stroke_depth"            : 1.5,
"inner_stroke_depth"          : 1,
"rect_margin_width"           : 5,
"rect_margin_height"          : 5,
"round_rect_margin_width"     : 7,
"round_rect_margin_height"    : 5,
"round_corner_radius"         : 14,
"leg_stroke_depth"            : 1,
"card_margin"                 : 5,
"arrow_width"                 : 12,
"arrow_half_height"           : 6,
"arrow_axis"                  : 8,
"annotation_overlay_height"   : 40,
"annotation_baseline"         : 24,
"annotation_font"             : {"family": "Times New Roman", "size": 16}
}
