{
"entity_cartouche_font"       : {"family": "Arial Black", "size": 14},
"entity_attribute_font"       : {"family": "Arial Black", "size": 14},
"association_cartouche_font"  : {"family": "Arial Black", "size": 14},
"association_attribute_font"  : {"family": "Arial Black", "size": 14},
"card_font"                   : {"family": "Comic Sans MS", "size": 14},
"label_font"                  : {"family": "Comic Sans MS", "size": 14},
"cartouche_text_height_ratio" : 0.85,
"card_text_height_ratio"      : 0.85,
"df_text_height_ratio"        : 1.00,
"attribute_text_height_ratio" : 0.50,
"line_skip_height"            : 2,
"card_baseline"               : 5,
"card_underline_skip_height"  : -4.0,
"underline_skip_height"       : -5.0,
"underline_depth"             : 2,
"card_underline_depth"        : 1,
"dash_width"                  : 4,
"margin_size"                 : 20,
"box_stroke_depth"            : 5,
"inner_stroke_depth"          : 0.5,
"rect_margin_width"           : 14,
"rect_margin_height"          : 9,
"round_rect_margin_width"     : 14,
"round_rect_margin_height"    : 10,
"round_corner_radius"         : 30,
"leg_stroke_depth"            : 2,
"card_margin"                 : 10,
"arrow_width"                 : 18,
"arrow_half_height"           : 9,
"arrow_axis"                  : 12,
"annotation_overlay_height"   : 40,
"annotation_baseline"         : 24,
"annotation_font"             : {"family": "Arial Black", "size": 16}
}