{
  "extension": ".json",
  "compose_primary_key": "{{\n          \"attribute\": \"{attribute}\",\n          \"raw_label\": \"{raw_label}\",\n          \"raw_label_lowercase\": \"{raw_label_lowercase}\",\n          \"raw_label_uppercase\": \"{raw_label_uppercase}\",\n          \"raw_label_titlecase\": \"{raw_label_titlecase}\",\n          \"disambiguation_number\": MOCODO_REPLACE_{disambiguation_number},\n          \"label\": \"{label}\",\n          \"label_lowercase\": \"{label_lowercase}\",\n          \"label_uppercase\": \"{label_uppercase}\",\n          \"label_titlecase\": \"{label_titlecase}\",\n          \"primary\": MOCODO_REPLACE_{primary},\n          \"foreign\": MOCODO_REPLACE_{foreign},\n          \"nature\": \"{nature}\",\n          \"data_type\": MOCODO_REPLACE_\"{data_type}\",\n          \"association_name\": MOCODO_REPLACE_\"{association_name}\",\n          \"association_name_lower_case\": MOCODO_REPLACE_\"{association_name_lowercase}\",\n          \"association_name_uppercase\": MOCODO_REPLACE_\"{association_name_uppercase}\",\n          \"association_name_titlecase\": MOCODO_REPLACE_\"{association_name_titlecase}\",\n          \"leg_annotation\": MOCODO_REPLACE_\"{leg_annotation}\",\n          \"primary_relation_name\": MOCODO_REPLACE_\"{primary_relation_name}\",\n          \"primary_relation_name_lowercase\": MOCODO_REPLACE_\"{primary_relation_name_lowercase}\",\n          \"primary_relation_name_uppercase\": MOCODO_REPLACE_\"{primary_relation_name_uppercase}\",\n          \"primary_relation_name_titlecase\": MOCODO_REPLACE_\"{primary_relation_name_titlecase}\"\n        }}",
  "compose_normal_attribute": "{{\n          \"attribute\": \"{attribute}\",\n          \"raw_label\": \"{raw_label}\",\n          \"raw_label_lowercase\": \"{raw_label_lowercase}\",\n          \"raw_label_uppercase\": \"{raw_label_uppercase}\",\n          \"raw_label_titlecase\": \"{raw_label_titlecase}\",\n          \"disambiguation_number\": MOCODO_REPLACE_{disambiguation_number},\n          \"label\": \"{label}\",\n          \"label_lowercase\": \"{label_lowercase}\",\n          \"label_uppercase\": \"{label_uppercase}\",\n          \"label_titlecase\": \"{label_titlecase}\",\n          \"primary\": MOCODO_REPLACE_{primary},\n          \"foreign\": MOCODO_REPLACE_{foreign},\n          \"nature\": \"{nature}\",\n          \"data_type\": MOCODO_REPLACE_\"{data_type}\",\n          \"association_name\": MOCODO_REPLACE_\"{association_name}\",\n          \"association_name_lower_case\": MOCODO_REPLACE_\"{association_name_lowercase}\",\n          \"association_name_uppercase\": MOCODO_REPLACE_\"{association_name_uppercase}\",\n          \"association_name_titlecase\": MOCODO_REPLACE_\"{association_name_titlecase}\",\n          \"leg_annotation\": MOCODO_REPLACE_\"{leg_annotation}\",\n          \"primary_relation_name\": MOCODO_REPLACE_\"{primary_relation_name}\",\n          \"primary_relation_name_lowercase\": MOCODO_REPLACE_\"{primary_relation_name_lowercase}\",\n          \"primary_relation_name_uppercase\": MOCODO_REPLACE_\"{primary_relation_name_uppercase}\",\n          \"primary_relation_name_titlecase\": MOCODO_REPLACE_\"{primary_relation_name_titlecase}\"\n        }}",
  "compose_foreign_key": "{{\n          \"attribute\": \"{attribute}\",\n          \"raw_label\": \"{raw_label}\",\n          \"raw_label_lowercase\": \"{raw_label_lowercase}\",\n          \"raw_label_uppercase\": \"{raw_label_uppercase}\",\n          \"raw_label_titlecase\": \"{raw_label_titlecase}\",\n          \"disambiguation_number\": MOCODO_REPLACE_{disambiguation_number},\n          \"label\": \"{label}\",\n          \"label_lowercase\": \"{label_lowercase}\",\n          \"label_uppercase\": \"{label_uppercase}\",\n          \"label_titlecase\": \"{label_titlecase}\",\n          \"primary\": MOCODO_REPLACE_{primary},\n          \"foreign\": MOCODO_REPLACE_{foreign},\n          \"nature\": \"{nature}\",\n          \"data_type\": MOCODO_REPLACE_\"{data_type}\",\n          \"association_name\": MOCODO_REPLACE_\"{association_name}\",\n          \"association_name_lower_case\": MOCODO_REPLACE_\"{association_name_lowercase}\",\n          \"association_name_uppercase\": MOCODO_REPLACE_\"{association_name_uppercase}\",\n          \"association_name_titlecase\": MOCODO_REPLACE_\"{association_name_titlecase}\",\n          \"leg_annotation\": MOCODO_REPLACE_\"{leg_annotation}\",\n          \"primary_relation_name\": MOCODO_REPLACE_\"{primary_relation_name}\",\n          \"primary_relation_name_lowercase\": MOCODO_REPLACE_\"{primary_relation_name_lowercase}\",\n          \"primary_relation_name_uppercase\": MOCODO_REPLACE_\"{primary_relation_name_uppercase}\",\n          \"primary_relation_name_titlecase\": MOCODO_REPLACE_\"{primary_relation_name_titlecase}\"\n        }}",
  "compose_foreign_primary_key": "{{\n          \"attribute\": \"{attribute}\",\n          \"raw_label\": \"{raw_label}\",\n          \"raw_label_lowercase\": \"{raw_label_lowercase}\",\n          \"raw_label_uppercase\": \"{raw_label_uppercase}\",\n          \"raw_label_titlecase\": \"{raw_label_titlecase}\",\n          \"disambiguation_number\": MOCODO_REPLACE_{disambiguation_number},\n          \"label\": \"{label}\",\n          \"label_lowercase\": \"{label_lowercase}\",\n          \"label_uppercase\": \"{label_uppercase}\",\n          \"label_titlecase\": \"{label_titlecase}\",\n          \"primary\": MOCODO_REPLACE_{primary},\n          \"foreign\": MOCODO_REPLACE_{foreign},\n          \"nature\": \"{nature}\",\n          \"data_type\": MOCODO_REPLACE_\"{data_type}\",\n          \"association_name\": MOCODO_REPLACE_\"{association_name}\",\n          \"association_name_lower_case\": MOCODO_REPLACE_\"{association_name_lowercase}\",\n          \"association_name_uppercase\": MOCODO_REPLACE_\"{association_name_uppercase}\",\n          \"association_name_titlecase\": MOCODO_REPLACE_\"{association_name_titlecase}\",\n          \"leg_annotation\": MOCODO_REPLACE_\"{leg_annotation}\",\n          \"primary_relation_name\": MOCODO_REPLACE_\"{primary_relation_name}\",\n          \"primary_relation_name_lowercase\": MOCODO_REPLACE_\"{primary_relation_name_lowercase}\",\n          \"primary_relation_name_uppercase\": MOCODO_REPLACE_\"{primary_relation_name_uppercase}\",\n          \"primary_relation_name_titlecase\": MOCODO_REPLACE_\"{primary_relation_name_titlecase}\"\n        }}",
  "column_separator": ",\n        ",
  "compose_relation": "{{\n      \"this_relation_name\": \"{this_relation_name}\",\n      \"this_relation_name_lowercase\": \"{this_relation_name_lowercase}\",\n      \"this_relation_name_uppercase\": \"{this_relation_name_uppercase}\",\n      \"this_relation_name_titlecase\": \"{this_relation_name_titlecase}\",\n      \"this_relation_number\": {this_relation_number},\n      \"columns\": [\n        {columns}\n      ]\n    }}",
  "relation_separator": ",\n    ",
  "compose_relational_schema": "{{\n  \"title\": \"{title}\",\n  \"title_lowercase\": \"{title_lowercase}\",\n  \"title_uppercase\": \"{title_uppercase}\",\n  \"title_titlecase\": \"{title_titlecase}\",\n  \"relations\": [\n    {relations}\n  ]\n}}",
  "transform_relational_schema": [
    {
      "search": "MOCODO_REPLACE_True",
      "replace": "true"
    },
    {
      "search": "MOCODO_REPLACE_False",
      "replace": "false"
    },
    {
      "search": "MOCODO_REPLACE_None",
      "replace": "null"
    },
    {
      "search": "MOCODO_REPLACE_\"None\"",
      "replace": "null"
    },
    {
      "search": "MOCODO_REPLACE_",
      "replace": ""
    }
  ]
}