{
  "extension": ".md",
  "compose_primary_key": "<ins>{label}</ins>",
  "compose_foreign_key": "_{label}_",
  "compose_foreign_primary_key": "<ins>_{label}_</ins>",
  "compose_relation": "**{this_relation_name}** ({columns})",
  "transform_single_column_relation": [
    {
      "search": "(?s)(.+)",
      "replace": "<!--\n\\1  \n-->"
    }
  ],
  "relation_separator": "  \n",
  "transform_relational_schema": [
    {
      "search": "\n-->  \n",
      "replace": "\n-->\n"
    }
  ]
}